2017 NAICS,2017 TITLE,ACTION,PT,2022 NAICS,2022 TITLE,2022 DESCRIPTION
212111,Bituminous Coal and Lignite Surface Mining,DIRECT+,pt.,212114,Surface Coal Mining,"This U.S. industry comprises establishments primarily engaged in one or more of the following: (1) surface mining of bituminous coal, lignite, and anthracite coal; (2) developing bituminous coal, lignite, and anthracite coal surface mine sites; (3) surface mining and beneficiating (e.g., cleaning, washing, screening, and sizing) of bituminous coal, lignite, and anthracite coal; or (4) beneficiating (e.g., cleaning, washing, screening, and sizing), but not mining, bituminous coal, lignite, and anthracite coal."
212113,Anthracite Mining,SPLIT,pt.,212114,Surface Coal Mining,"This U.S. industry comprises establishments primarily engaged in one or more of the following: (1) surface mining of bituminous coal, lignite, and anthracite coal; (2) developing bituminous coal, lignite, and anthracite coal surface mine sites; (3) surface mining and beneficiating (e.g., cleaning, washing, screening, and sizing) of bituminous coal, lignite, and anthracite coal; or (4) beneficiating (e.g., cleaning, washing, screening, and sizing), but not mining, bituminous coal, lignite, and anthracite coal."
212112,Bituminous Coal Underground Mining,DIRECT+,pt.,212115,Underground Coal Mining,"This U.S. industry comprises establishments primarily engaged in one or more of the following: (1) underground mining of bituminous and anthracite coal; (2) developing bituminous and anthracite coal underground mine sites; and (3) underground mining and beneficiating (e.g., cleaning, washing, screening, and sizing) of bituminous and anthracite coal."
212113,Anthracite Mining,SPLIT,pt.,212115,Underground Coal Mining,"This U.S. industry comprises establishments primarily engaged in one or more of the following: (1) underground mining of bituminous and anthracite coal; (2) developing bituminous and anthracite coal underground mine sites; and (3) underground mining and beneficiating (e.g., cleaning, washing, screening, and sizing) of bituminous and anthracite coal."
212221,Gold Ore Mining,CONSOLIDATED,N,212220,Gold Ore and Silver Ore Mining,"This industry comprises establishments primarily engaged in developing the mine site, mining, and/or beneficiating (i.e., preparing) ores valued chiefly for their gold and/or silver content. Establishments primarily engaged in the transformation of the gold and silver into bullion or dore bar in combination with mining activities are included in this industry."
212222,Silver Ore Mining,CONSOLIDATED,N,212220,Gold Ore and Silver Ore Mining,"This industry comprises establishments primarily engaged in developing the mine site, mining, and/or beneficiating (i.e., preparing) ores valued chiefly for their gold and/or silver content. Establishments primarily engaged in the transformation of the gold and silver into bullion or dore bar in combination with mining activities are included in this industry."
212291,Uranium-Radium-Vanadium Ore Mining,CONSOLIDATED,N,212290,Other Metal Ore Mining,"This industry comprises establishments primarily engaged in developing the mine site, mining, and/or beneficiating (i.e., preparing) metal ores (except iron and manganiferous ores valued for their iron content, gold ore, silver ore, copper, nickel, lead, and zinc ore)."
212299,All Other Metal Ore Mining,CONSOLIDATED,N,212290,Other Metal Ore Mining,"This industry comprises establishments primarily engaged in developing the mine site, mining, and/or beneficiating (i.e., preparing) metal ores (except iron and manganiferous ores valued for their iron content, gold ore, silver ore, copper, nickel, lead, and zinc ore)."
212324,Kaolin and Ball Clay Mining,CONSOLIDATED,N,212323,"Kaolin, Clay, and Ceramic and Refractory Minerals Mining","This U.S. industry comprises (1) establishments primarily engaged in developing the mine site and/or mining clay (e.g., china clay, paper clay and slip clay) or ceramic and refractory minerals and (2) establishments primarily engaged in beneficiating (i.e., preparing) clay or ceramic and refractory minerals."
212325,Clay and Ceramic and Refractory Minerals Mining,CONSOLIDATED,N,212323,"Kaolin, Clay, and Ceramic and Refractory Minerals Mining","This U.S. industry comprises (1) establishments primarily engaged in developing the mine site and/or mining clay (e.g., china clay, paper clay and slip clay) or ceramic and refractory minerals and (2) establishments primarily engaged in beneficiating (i.e., preparing) clay or ceramic and refractory minerals."
212391,"Potash, Soda, and Borate Mineral Mining",CONSOLIDATED,N,212390,Other Nonmetallic Mineral Mining and Quarrying,"This industry comprises establishments primarily engaged in developing the mine site, mining, and/or milling or otherwise beneficiating (i.e., preparing) nonmetallic minerals (except coal, stone, sand, gravel, clay, and ceramic and refractory minerals). Drylake brine operations are included in this industry, as well as establishments engaged in producing the specified minerals from underground and open pit mines."
212392,Phosphate Rock Mining,CONSOLIDATED,N,212390,Other Nonmetallic Mineral Mining and Quarrying,"This industry comprises establishments primarily engaged in developing the mine site, mining, and/or milling or otherwise beneficiating (i.e., preparing) nonmetallic minerals (except coal, stone, sand, gravel, clay, and ceramic and refractory minerals). Drylake brine operations are included in this industry, as well as establishments engaged in producing the specified minerals from underground and open pit mines."
212393,Other Chemical and Fertilizer Mineral Mining,CONSOLIDATED,N,212390,Other Nonmetallic Mineral Mining and Quarrying,"This industry comprises establishments primarily engaged in developing the mine site, mining, and/or milling or otherwise beneficiating (i.e., preparing) nonmetallic minerals (except coal, stone, sand, gravel, clay, and ceramic and refractory minerals). Drylake brine operations are included in this industry, as well as establishments engaged in producing the specified minerals from underground and open pit mines."
212399,All Other Nonmetallic Mineral Mining,CONSOLIDATED,N,212390,Other Nonmetallic Mineral Mining and Quarrying,"This industry comprises establishments primarily engaged in developing the mine site, mining, and/or milling or otherwise beneficiating (i.e., preparing) nonmetallic minerals (except coal, stone, sand, gravel, clay, and ceramic and refractory minerals). Drylake brine operations are included in this industry, as well as establishments engaged in producing the specified minerals from underground and open pit mines."
315110,Hosiery and Sock Mills,CONSOLIDATED,N,315120,Apparel Knitting Mills,"This industry comprises establishments primarily engaged in knitting apparel or knitting fabric and then manufacturing apparel. Jobbers, performing entrepreneurial functions involved in knitting apparel and accessories, are included."
315190,Other Apparel Knitting Mills,CONSOLIDATED,N,315120,Apparel Knitting Mills,"This industry comprises establishments primarily engaged in knitting apparel or knitting fabric and then manufacturing apparel. Jobbers, performing entrepreneurial functions involved in knitting apparel and accessories, are included."
315220,Men's and Boys' Cut and Sew Apparel Manufacturing,CONSOLIDATED,N,315250,Cut and Sew Apparel Manufacturing (except Contractors),"This industry comprises establishments primarily engaged in manufacturing cut and sew apparel from purchased fabric. Clothing jobbers, who perform entrepreneurial functions involved in apparel manufacture, including buying raw materials, designing and preparing samples, arranging for apparel to be made from their materials, and marketing finished apparel, are included."
315240,"Women's, Girls', and Infants' Cut and Sew Apparel Manufacturing",CONSOLIDATED,N,315250,Cut and Sew Apparel Manufacturing (except Contractors),"This industry comprises establishments primarily engaged in manufacturing cut and sew apparel from purchased fabric. Clothing jobbers, who perform entrepreneurial functions involved in apparel manufacture, including buying raw materials, designing and preparing samples, arranging for apparel to be made from their materials, and marketing finished apparel, are included."
315280,Other Cut and Sew Apparel Manufacturing,CONSOLIDATED,N,315250,Cut and Sew Apparel Manufacturing (except Contractors),"This industry comprises establishments primarily engaged in manufacturing cut and sew apparel from purchased fabric. Clothing jobbers, who perform entrepreneurial functions involved in apparel manufacture, including buying raw materials, designing and preparing samples, arranging for apparel to be made from their materials, and marketing finished apparel, are included."
316992,Women's Handbag and Purse Manufacturing,CONSOLIDATED,N,316990,Other Leather and Allied Product Manufacturing,"This industry comprises establishments primarily engaged in manufacturing leather products (except footwear and apparel) from purchased leather or leather substitutes (e.g., fabric, plastics)."
316998,All Other Leather Good and Allied Product Manufacturing,CONSOLIDATED,N,316990,Other Leather and Allied Product Manufacturing,"This industry comprises establishments primarily engaged in manufacturing leather products (except footwear and apparel) from purchased leather or leather substitutes (e.g., fabric, plastics)."
321213,Engineered Wood Member (except Truss) Manufacturing,CONSOLIDATED,N,321215,Engineered Wood Member Manufacturing,"This U.S. industry comprises establishments primarily engaged in manufacturing fabricated or laminated wood arches, wood roof and floor trusses, and/or other fabricated or laminated wood structural members."
321214,Truss Manufacturing,CONSOLIDATED,N,321215,Engineered Wood Member Manufacturing,"This U.S. industry comprises establishments primarily engaged in manufacturing fabricated or laminated wood arches, wood roof and floor trusses, and/or other fabricated or laminated wood structural members."
322121,Paper (except Newsprint) Mills,CONSOLIDATED,N,322120,Paper Mills,"This industry comprises establishments primarily engaged in manufacturing paper from pulp. These establishments may manufacture or purchase pulp. In addition, the establishments may convert the paper they make. The activity of making paper classifies an establishment into this industry regardless of the output."
322122,Newsprint Mills,CONSOLIDATED,N,322120,Paper Mills,"This industry comprises establishments primarily engaged in manufacturing paper from pulp. These establishments may manufacture or purchase pulp. In addition, the establishments may convert the paper they make. The activity of making paper classifies an establishment into this industry regardless of the output."
325314,Fertilizer (Mixing Only) Manufacturing,SPLIT,,325314,Fertilizer (Mixing Only) Manufacturing,This U.S. industry comprises establishments primarily engaged in mixing ingredients made elsewhere into fertilizers.
325314,Fertilizer (Mixing Only) Manufacturing,SPLIT,,325315,Compost Manufacturing,"This U.S. industry comprises establishments primarily engaged in manufacturing compost through the controlled aerobic, biological decomposition and curing of biodegradable materials."
333244,Printing Machinery and Equipment Manufacturing,CONSOLIDATED,N,333248,All Other Industrial Machinery Manufacturing,"This U.S. industry comprises establishments primarily engaged in manufacturing industrial machinery (except agricultural and farm-type; construction and mining machinery; food manufacturing-type machinery; semiconductor making machinery; and sawmill, woodworking, and paper making machinery)."
333249,Other Industrial Machinery Manufacturing,CONSOLIDATED,N,333248,All Other Industrial Machinery Manufacturing,"This U.S. industry comprises establishments primarily engaged in manufacturing industrial machinery (except agricultural and farm-type; construction and mining machinery; food manufacturing-type machinery; semiconductor making machinery; and sawmill, woodworking, and paper making machinery)."
333314,Optical Instrument and Lens Manufacturing,CONSOLIDATED,N,333310,Commercial and Service Industry Machinery Manufacturing,"This industry comprises establishments primarily engaged in manufacturing commercial and service industry machinery, such as optical instruments and lenses (except ophthalmic), photographic and photocopying equipment, automatic vending machinery, commercial laundry and drycleaning machinery, office machinery, automotive maintenance equipment (except mechanics' handtools), and commercial-type cooking equipment."
333316,Photographic and Photocopying Equipment Manufacturing,CONSOLIDATED,N,333310,Commercial and Service Industry Machinery Manufacturing,"This industry comprises establishments primarily engaged in manufacturing commercial and service industry machinery, such as optical instruments and lenses (except ophthalmic), photographic and photocopying equipment, automatic vending machinery, commercial laundry and drycleaning machinery, office machinery, automotive maintenance equipment (except mechanics' handtools), and commercial-type cooking equipment."
333318,Other Commercial and Service Industry Machinery Manufacturing,CONSOLIDATED,N,333310,Commercial and Service Industry Machinery Manufacturing,"This industry comprises establishments primarily engaged in manufacturing commercial and service industry machinery, such as optical instruments and lenses (except ophthalmic), photographic and photocopying equipment, automatic vending machinery, commercial laundry and drycleaning machinery, office machinery, automotive maintenance equipment (except mechanics' handtools), and commercial-type cooking equipment."
333997,Scale and Balance Manufacturing,CONSOLIDATED,N,333998,All Other Miscellaneous General Purpose Machinery Manufacturing,"This U.S. industry comprises establishments primarily engaged in manufacturing general purpose machinery (except ventilating, heating, air-conditioning, and commercial refrigeration equipment; metalworking machinery; engines, turbines, and power transmission equipment; pumps and compressors; material handling equipment; power-driven handtools; welding and soldering equipment; packaging machinery; industrial process furnaces and ovens; fluid power cylinders and actuators; and fluid power pumps and motors)."
333999,All Other Miscellaneous General Purpose Machinery Manufacturing,CONSOLIDATED,N,333998,All Other Miscellaneous General Purpose Machinery Manufacturing,"This U.S. industry comprises establishments primarily engaged in manufacturing general purpose machinery (except ventilating, heating, air-conditioning, and commercial refrigeration equipment; metalworking machinery; engines, turbines, and power transmission equipment; pumps and compressors; material handling equipment; power-driven handtools; welding and soldering equipment; packaging machinery; industrial process furnaces and ovens; fluid power cylinders and actuators; and fluid power pumps and motors)."
334613,Blank Magnetic and Optical Recording Media Manufacturing,CONSOLIDATED,N,334610,Manufacturing and Reproducing Magnetic and Optical Media,"This industry comprises establishments primarily engaged in (1) manufacturing optical and magnetic media, such as blank audio tapes, blank video tapes, and blank diskettes, and/or (2) mass duplicating (i.e., making copies) audio, video, software, and other data on magnetic, optical, and similar media. These establishments do not generally develop software or produce audio or video content."
334614,"Software and Other Prerecorded Compact Disc, Tape, and Record Reproducing",CONSOLIDATED,N,334610,Manufacturing and Reproducing Magnetic and Optical Media,"This industry comprises establishments primarily engaged in (1) manufacturing optical and magnetic media, such as blank audio tapes, blank video tapes, and blank diskettes, and/or (2) mass duplicating (i.e., making copies) audio, video, software, and other data on magnetic, optical, and similar media. These establishments do not generally develop software or produce audio or video content."
335121,Residential Electric Lighting Fixture Manufacturing,DIRECT,,335131,Residential Electric Lighting Fixture Manufacturing,"This U.S. industry comprises establishments primarily engaged in manufacturing fixed or portable residential electric lighting fixtures and lamp shades of metal, paper, or textiles. Residential electric lighting fixtures include those for use both inside and outside the residence."
335122,"Commercial, Industrial, and Institutional Electric Lighting Fixture Manufacturing",DIRECT,,335132,"Commercial, Industrial, and Institutional Electric Lighting Fixture Manufacturing","This U.S. industry comprises establishments primarily engaged in manufacturing commercial, industrial, and institutional electric lighting fixtures."
335110,Electric Lamp Bulb and Part Manufacturing,CONSOLIDATED,N,335139,Electric Lamp Bulb and Other Lighting Equipment Manufacturing,"This U.S. industry comprises establishments primarily engaged in manufacturing electric light bulbs, tubes, and parts (except glass blanks for electric light bulbs and light emitting diodes (LEDs)), electric lighting fixtures (except residential, commercial, industrial, institutional, and vehicular electric lighting fixtures), and nonelectric lighting equipment."
335129,Other Lighting Equipment Manufacturing,CONSOLIDATED,N,335139,Electric Lamp Bulb and Other Lighting Equipment Manufacturing,"This U.S. industry comprises establishments primarily engaged in manufacturing electric light bulbs, tubes, and parts (except glass blanks for electric light bulbs and light emitting diodes (LEDs)), electric lighting fixtures (except residential, commercial, industrial, institutional, and vehicular electric lighting fixtures), and nonelectric lighting equipment."
335911,Storage Battery Manufacturing,CONSOLIDATED,N,335910,Battery Manufacturing,This industry comprises establishments primarily engaged in manufacturing primary and storage batteries.
335912,Primary Battery Manufacturing,CONSOLIDATED,N,335910,Battery Manufacturing,This industry comprises establishments primarily engaged in manufacturing primary and storage batteries.
336111,Automobile Manufacturing,CONSOLIDATED,N,336110,Automobile and Light Duty Motor Vehicle Manufacturing,"This industry comprises establishments primarily engaged in (1) manufacturing complete automobiles and light duty motor vehicles (i.e., body and chassis or unibody) or (2) manufacturing automobile and light duty motor vehicle chassis only. Vehicles made include passenger cars, light duty trucks, light duty vans, pick-up trucks, minivans, and sport utility vehicles."
336112,Light Truck and Utility Vehicle Manufacturing,CONSOLIDATED,N,336110,Automobile and Light Duty Motor Vehicle Manufacturing,"This industry comprises establishments primarily engaged in (1) manufacturing complete automobiles and light duty motor vehicles (i.e., body and chassis or unibody) or (2) manufacturing automobile and light duty motor vehicle chassis only. Vehicles made include passenger cars, light duty trucks, light duty vans, pick-up trucks, minivans, and sport utility vehicles."
337124,Metal Household Furniture Manufacturing,CONSOLIDATED,N,337126,Household Furniture (except Wood and Upholstered) Manufacturing,"This U.S. industry comprises establishments primarily engaged in manufacturing nonupholstered household-type furniture of materials other than wood, such as metal, plastics, reed, rattan, wicker, and fiberglass. The furniture may be partially upholstered (e.g., chairs with upholstered seats or backs), made on a stock or custom basis, and may be assembled or unassembled (i.e., knockdown)."
337125,Household Furniture (except Wood and Metal) Manufacturing,CONSOLIDATED,N,337126,Household Furniture (except Wood and Upholstered) Manufacturing,"This U.S. industry comprises establishments primarily engaged in manufacturing nonupholstered household-type furniture of materials other than wood, such as metal, plastics, reed, rattan, wicker, and fiberglass. The furniture may be partially upholstered (e.g., chairs with upholstered seats or backs), made on a stock or custom basis, and may be assembled or unassembled (i.e., knockdown)."
424320,Men's and Boys' Clothing and Furnishings Merchant Wholesalers,CONSOLIDATED,N,424350,Clothing and Clothing Accessories Merchant Wholesalers,This industry comprises establishments primarily engaged in the merchant wholesale distribution of clothing and clothing accessories.
424330,"Women's, Children's, and Infants' Clothing and Accessories Merchant Wholesalers",CONSOLIDATED,N,424350,Clothing and Clothing Accessories Merchant Wholesalers,This industry comprises establishments primarily engaged in the merchant wholesale distribution of clothing and clothing accessories.
425110,Business to Business Electronic Markets,CONSOLIDATED,R,425120,Wholesale Trade Agents and Brokers,"This industry comprises wholesale trade agents and brokers acting on behalf of buyers or sellers in the wholesale distribution of goods, including those that use the Internet or other electronic means to bring together buyers and sellers. Agents and brokers do not take title to the goods being sold but rather receive a commission or fee for their service. Agents and brokers for all durable and nondurable goods are included in this industry."
425120,Wholesale Trade Agents and Brokers,CONSOLIDATED,R,425120,Wholesale Trade Agents and Brokers,"This industry comprises wholesale trade agents and brokers acting on behalf of buyers or sellers in the wholesale distribution of goods, including those that use the Internet or other electronic means to bring together buyers and sellers. Agents and brokers do not take title to the goods being sold but rather receive a commission or fee for their service. Agents and brokers for all durable and nondurable goods are included in this industry."
441228,"Motorcycle, ATV, and All Other Motor Vehicle Dealers",DIRECT+,pt.,441227,"Motorcycle, ATV, and All Other Motor Vehicle Dealers","This U.S. industry comprises establishments primarily engaged in retailing new and/or used motorcycles, motor scooters, motorbikes, mopeds, off-road all-terrain vehicles (ATV), personal watercraft, utility trailers, and other motor vehicles (except automobiles, light trucks, recreational vehicles, and boats) or retailing these new vehicles in combination with activities, such as repair services and selling replacement parts and accessories."
454110,Electronic Shopping and Mail-Order Houses,SPLIT,pt.,441227,"Motorcycle, ATV, and All Other Motor Vehicle Dealers","This U.S. industry comprises establishments primarily engaged in retailing new and/or used motorcycles, motor scooters, motorbikes, mopeds, off-road all-terrain vehicles (ATV), personal watercraft, utility trailers, and other motor vehicles (except automobiles, light trucks, recreational vehicles, and boats) or retailing these new vehicles in combination with activities, such as repair services and selling replacement parts and accessories."
441310,Automotive Parts and Accessories Stores,DIRECT+,pt.,441330,Automotive Parts and Accessories Retailers,"This industry comprises establishments primarily engaged in retailing new, used, and/or rebuilt automotive parts and accessories, with or without repairing automobiles; and/or establishments primarily engaged in retailing and installing automotive accessories."
454110,Electronic Shopping and Mail-Order Houses,SPLIT,pt.,441330,Automotive Parts and Accessories Retailers,"This industry comprises establishments primarily engaged in retailing new, used, and/or rebuilt automotive parts and accessories, with or without repairing automobiles; and/or establishments primarily engaged in retailing and installing automotive accessories."
454390,Other Direct Selling Establishments,SPLIT,pt.,441330,Automotive Parts and Accessories Retailers,"This industry comprises establishments primarily engaged in retailing new, used, and/or rebuilt automotive parts and accessories, with or without repairing automobiles; and/or establishments primarily engaged in retailing and installing automotive accessories."
441320,Tire Dealers,DIRECT+,pt.,441340,Tire Dealers,This industry comprises establishments primarily engaged in retailing new and/or used tires and tubes or retailing new tires in combination with automotive repair services.
454110,Electronic Shopping and Mail-Order Houses,SPLIT,pt.,441340,Tire Dealers,This industry comprises establishments primarily engaged in retailing new and/or used tires and tubes or retailing new tires in combination with automotive repair services.
454390,Other Direct Selling Establishments,SPLIT,pt.,441340,Tire Dealers,This industry comprises establishments primarily engaged in retailing new and/or used tires and tubes or retailing new tires in combination with automotive repair services.
444130,Hardware Stores,DIRECT+,pt.,444140,Hardware Retailers,"This industry comprises establishments primarily engaged in retailing a general line of new hardware items, such as tools and builders' hardware."
454110,Electronic Shopping and Mail-Order Houses,SPLIT,pt.,444140,Hardware Retailers,"This industry comprises establishments primarily engaged in retailing a general line of new hardware items, such as tools and builders' hardware."
454390,Other Direct Selling Establishments,SPLIT,pt.,444140,Hardware Retailers,"This industry comprises establishments primarily engaged in retailing a general line of new hardware items, such as tools and builders' hardware."
444190,Other Building Material Dealers,DIRECT+,pt.,444180,Other Building Material Dealers,"This industry comprises establishments (except home centers, paint and wallpaper retailers, and hardware retailers) primarily engaged in retailing specialized lines of new building materials, such as lumber, fencing, glass, doors, plumbing fixtures and supplies, electrical supplies, prefabricated buildings and kits, and kitchen and bath cabinets and countertops to be installed."
454110,Electronic Shopping and Mail-Order Houses,SPLIT,pt.,444180,Other Building Material Dealers,"This industry comprises establishments (except home centers, paint and wallpaper retailers, and hardware retailers) primarily engaged in retailing specialized lines of new building materials, such as lumber, fencing, glass, doors, plumbing fixtures and supplies, electrical supplies, prefabricated buildings and kits, and kitchen and bath cabinets and countertops to be installed."
454390,Other Direct Selling Establishments,SPLIT,pt.,444180,Other Building Material Dealers,"This industry comprises establishments (except home centers, paint and wallpaper retailers, and hardware retailers) primarily engaged in retailing specialized lines of new building materials, such as lumber, fencing, glass, doors, plumbing fixtures and supplies, electrical supplies, prefabricated buildings and kits, and kitchen and bath cabinets and countertops to be installed."
444210,Outdoor Power Equipment Stores,DIRECT+,pt.,444230,Outdoor Power Equipment Retailers,"This industry comprises establishments primarily engaged in retailing new outdoor power equipment or retailing new outdoor power equipment in combination with activities, such as repair services and selling replacement parts."
454110,Electronic Shopping and Mail-Order Houses,SPLIT,pt.,444230,Outdoor Power Equipment Retailers,"This industry comprises establishments primarily engaged in retailing new outdoor power equipment or retailing new outdoor power equipment in combination with activities, such as repair services and selling replacement parts."
454390,Other Direct Selling Establishments,SPLIT,pt.,444230,Outdoor Power Equipment Retailers,"This industry comprises establishments primarily engaged in retailing new outdoor power equipment or retailing new outdoor power equipment in combination with activities, such as repair services and selling replacement parts."
444220,"Nursery, Garden Center, and Farm Supply Stores",DIRECT+,pt.,444240,"Nursery, Garden Center, and Farm Supply Retailers","This industry comprises establishments primarily engaged in retailing nursery and garden products, such as trees, shrubs, plants, seeds, bulbs, and sod, that are predominantly grown elsewhere. These establishments may sell a limited amount of a product they grow themselves. Also included in this industry are establishments primarily engaged in retailing farm supplies, such as animal (except pet) feed, fertilizers, agricultural chemicals, and pesticides."
454110,Electronic Shopping and Mail-Order Houses,SPLIT,pt.,444240,"Nursery, Garden Center, and Farm Supply Retailers","This industry comprises establishments primarily engaged in retailing nursery and garden products, such as trees, shrubs, plants, seeds, bulbs, and sod, that are predominantly grown elsewhere. These establishments may sell a limited amount of a product they grow themselves. Also included in this industry are establishments primarily engaged in retailing farm supplies, such as animal (except pet) feed, fertilizers, agricultural chemicals, and pesticides."
454390,Other Direct Selling Establishments,SPLIT,pt.,444240,"Nursery, Garden Center, and Farm Supply Retailers","This industry comprises establishments primarily engaged in retailing nursery and garden products, such as trees, shrubs, plants, seeds, bulbs, and sod, that are predominantly grown elsewhere. These establishments may sell a limited amount of a product they grow themselves. Also included in this industry are establishments primarily engaged in retailing farm supplies, such as animal (except pet) feed, fertilizers, agricultural chemicals, and pesticides."
445120,Convenience Stores,DIRECT+,pt.,445131,Convenience Retailers,"This U.S. industry comprises establishments primarily engaged in retailing a limited line of groceries that generally includes milk, bread, soda, and snacks, such as convenience stores or food marts (except those operating fuel pumps)."
454110,Electronic Shopping and Mail-Order Houses,SPLIT,pt.,445131,Convenience Retailers,"This U.S. industry comprises establishments primarily engaged in retailing a limited line of groceries that generally includes milk, bread, soda, and snacks, such as convenience stores or food marts (except those operating fuel pumps)."
454390,Other Direct Selling Establishments,SPLIT,pt.,445131,Convenience Retailers,"This U.S. industry comprises establishments primarily engaged in retailing a limited line of groceries that generally includes milk, bread, soda, and snacks, such as convenience stores or food marts (except those operating fuel pumps)."
454210,Vending Machine Operators,DIRECT,,445132,Vending Machine Operators,This U.S. industry comprises establishments primarily engaged in retailing merchandise through vending machines that they service.
445210,Meat Markets,DIRECT+,pt.,445240,Meat Retailers,"This industry comprises establishments primarily engaged in retailing fresh, frozen, or cured meats and poultry not for immediate consumption. Delicatessen-type establishments primarily engaged in retailing fresh meat are included in this industry."
454110,Electronic Shopping and Mail-Order Houses,SPLIT,pt.,445240,Meat Retailers,"This industry comprises establishments primarily engaged in retailing fresh, frozen, or cured meats and poultry not for immediate consumption. Delicatessen-type establishments primarily engaged in retailing fresh meat are included in this industry."
454390,Other Direct Selling Establishments,SPLIT,pt.,445240,Meat Retailers,"This industry comprises establishments primarily engaged in retailing fresh, frozen, or cured meats and poultry not for immediate consumption. Delicatessen-type establishments primarily engaged in retailing fresh meat are included in this industry."
445220,Fish and Seafood Markets,DIRECT+,pt.,445250,Fish and Seafood Retailers,"This industry comprises establishments primarily engaged in retailing fresh, frozen, or cured fish and seafood products not for immediate consumption."
454110,Electronic Shopping and Mail-Order Houses,SPLIT,pt.,445250,Fish and Seafood Retailers,"This industry comprises establishments primarily engaged in retailing fresh, frozen, or cured fish and seafood products not for immediate consumption."
454390,Other Direct Selling Establishments,SPLIT,pt.,445250,Fish and Seafood Retailers,"This industry comprises establishments primarily engaged in retailing fresh, frozen, or cured fish and seafood products not for immediate consumption."
445299,All Other Specialty Food Stores,DIRECT+,pt.,445298,All Other Specialty Food Retailers,"This U.S. industry comprises establishments primarily engaged in retailing miscellaneous specialty foods (except fruit and vegetables, meat, fish, seafood, confections, nuts, popcorn, and baked goods) not for immediate consumption and not made on the premises."
454110,Electronic Shopping and Mail-Order Houses,SPLIT,pt.,445298,All Other Specialty Food Retailers,"This U.S. industry comprises establishments primarily engaged in retailing miscellaneous specialty foods (except fruit and vegetables, meat, fish, seafood, confections, nuts, popcorn, and baked goods) not for immediate consumption and not made on the premises."
454390,Other Direct Selling Establishments,SPLIT,pt.,445298,All Other Specialty Food Retailers,"This U.S. industry comprises establishments primarily engaged in retailing miscellaneous specialty foods (except fruit and vegetables, meat, fish, seafood, confections, nuts, popcorn, and baked goods) not for immediate consumption and not made on the premises."
445310,"Beer, Wine, and Liquor Stores",DIRECT+,pt.,445320,"Beer, Wine, and Liquor Retailers","This industry comprises establishments primarily engaged in retailing packaged alcoholic beverages, such as ale, beer, wine, and liquor."
454110,Electronic Shopping and Mail-Order Houses,SPLIT,pt.,445320,"Beer, Wine, and Liquor Retailers","This industry comprises establishments primarily engaged in retailing packaged alcoholic beverages, such as ale, beer, wine, and liquor."
454390,Other Direct Selling Establishments,SPLIT,pt.,445320,"Beer, Wine, and Liquor Retailers","This industry comprises establishments primarily engaged in retailing packaged alcoholic beverages, such as ale, beer, wine, and liquor."
442110,Furniture Stores,DIRECT+,pt.,449110,Furniture Retailers,"This industry comprises establishments primarily engaged in retailing new furniture, such as household furniture (e.g., baby furniture, box springs, and mattresses) and outdoor furniture; office furniture (except sold in combination with office supplies and equipment); and/or furniture sold in combination with major appliances, home electronics, home furnishings, or floor coverings."
454110,Electronic Shopping and Mail-Order Houses,SPLIT,pt.,449110,Furniture Retailers,"This industry comprises establishments primarily engaged in retailing new furniture, such as household furniture (e.g., baby furniture, box springs, and mattresses) and outdoor furniture; office furniture (except sold in combination with office supplies and equipment); and/or furniture sold in combination with major appliances, home electronics, home furnishings, or floor coverings."
454390,Other Direct Selling Establishments,SPLIT,pt.,449110,Furniture Retailers,"This industry comprises establishments primarily engaged in retailing new furniture, such as household furniture (e.g., baby furniture, box springs, and mattresses) and outdoor furniture; office furniture (except sold in combination with office supplies and equipment); and/or furniture sold in combination with major appliances, home electronics, home furnishings, or floor coverings."
442210,Floor Covering Stores,DIRECT+,pt.,449121,Floor Covering Retailers,"This U.S. industry comprises establishments primarily engaged in retailing new floor coverings, such as rugs and carpets, laminate and vinyl floor coverings, linoleum flooring, and floor tile (except ceramic tile or hardwood floor coverings only); or retailing new floor coverings in combination with installation and repair services."
454110,Electronic Shopping and Mail-Order Houses,SPLIT,pt.,449121,Floor Covering Retailers,"This U.S. industry comprises establishments primarily engaged in retailing new floor coverings, such as rugs and carpets, laminate and vinyl floor coverings, linoleum flooring, and floor tile (except ceramic tile or hardwood floor coverings only); or retailing new floor coverings in combination with installation and repair services."
454390,Other Direct Selling Establishments,SPLIT,pt.,449121,Floor Covering Retailers,"This U.S. industry comprises establishments primarily engaged in retailing new floor coverings, such as rugs and carpets, laminate and vinyl floor coverings, linoleum flooring, and floor tile (except ceramic tile or hardwood floor coverings only); or retailing new floor coverings in combination with installation and repair services."
442291,Window Treatment Stores,DIRECT+,pt.,449122,Window Treatment Retailers,"This U.S. industry comprises establishments primarily engaged in retailing new window treatments, such as curtains, drapes, blinds, and shades."
454110,Electronic Shopping and Mail-Order Houses,SPLIT,pt.,449122,Window Treatment Retailers,"This U.S. industry comprises establishments primarily engaged in retailing new window treatments, such as curtains, drapes, blinds, and shades."
454390,Other Direct Selling Establishments,SPLIT,pt.,449122,Window Treatment Retailers,"This U.S. industry comprises establishments primarily engaged in retailing new window treatments, such as curtains, drapes, blinds, and shades."
442299,All Other Home Furnishings Stores,DIRECT+,pt.,449129,All Other Home Furnishings Retailers,"This U.S. industry comprises establishments primarily engaged in retailing new home furnishings (except furniture, floor coverings, and window treatments)."
454110,Electronic Shopping and Mail-Order Houses,SPLIT,pt.,449129,All Other Home Furnishings Retailers,"This U.S. industry comprises establishments primarily engaged in retailing new home furnishings (except furniture, floor coverings, and window treatments)."
454390,Other Direct Selling Establishments,SPLIT,pt.,449129,All Other Home Furnishings Retailers,"This U.S. industry comprises establishments primarily engaged in retailing new home furnishings (except furniture, floor coverings, and window treatments)."
454110,Electronic Shopping and Mail-Order Houses,SPLIT,pt.,449210,Electronics and Appliance Retailers,"This industry comprises establishments primarily engaged in one of the following: (1) retailing an array of new household-type appliances and consumer-type electronic products, such as televisions, computers, electronic tablets, and cameras; (2) specializing in retailing a single line of new consumer-type electronic products; (3) retailing these new products in combination with repair and support services; (4) retailing new prepackaged or downloadable computer software (without publishing); and/or (5) retailing prerecorded audio and video media, such as downloadable digital music and video files (without production or publishing), CDs, and DVDs."
454390,Other Direct Selling Establishments,SPLIT,pt.,449210,Electronics and Appliance Retailers,"This industry comprises establishments primarily engaged in one of the following: (1) retailing an array of new household-type appliances and consumer-type electronic products, such as televisions, computers, electronic tablets, and cameras; (2) specializing in retailing a single line of new consumer-type electronic products; (3) retailing these new products in combination with repair and support services; (4) retailing new prepackaged or downloadable computer software (without publishing); and/or (5) retailing prerecorded audio and video media, such as downloadable digital music and video files (without production or publishing), CDs, and DVDs."
443141,Household Appliance Stores,CONSOLIDATED,N,449210,Electronics and Appliance Retailers,"This industry comprises establishments primarily engaged in one of the following: (1) retailing an array of new household-type appliances and consumer-type electronic products, such as televisions, computers, electronic tablets, and cameras; (2) specializing in retailing a single line of new consumer-type electronic products; (3) retailing these new products in combination with repair and support services; (4) retailing new prepackaged or downloadable computer software (without publishing); and/or (5) retailing prerecorded audio and video media, such as downloadable digital music and video files (without production or publishing), CDs, and DVDs."
443142,Electronics Stores,CONSOLIDATED,N,449210,Electronics and Appliance Retailers,"This industry comprises establishments primarily engaged in one of the following: (1) retailing an array of new household-type appliances and consumer-type electronic products, such as televisions, computers, electronic tablets, and cameras; (2) specializing in retailing a single line of new consumer-type electronic products; (3) retailing these new products in combination with repair and support services; (4) retailing new prepackaged or downloadable computer software (without publishing); and/or (5) retailing prerecorded audio and video media, such as downloadable digital music and video files (without production or publishing), CDs, and DVDs."
452210,Department Stores,DIRECT+,pt.,455110,Department Stores,"This industry comprises establishments generally known as department stores that have separate departments for general lines of new merchandise, such as apparel, jewelry, home furnishings, and toys, with no one merchandise line predominating. Department stores may sell perishable groceries, such as fresh fruits, vegetables, and dairy products, but such sales are insignificant. Department stores with fixed point-of-sale locations may have separate customer checkout areas in each department, central customer checkout areas, or both."
454110,Electronic Shopping and Mail-Order Houses,SPLIT,pt.,455110,Department Stores,"This industry comprises establishments generally known as department stores that have separate departments for general lines of new merchandise, such as apparel, jewelry, home furnishings, and toys, with no one merchandise line predominating. Department stores may sell perishable groceries, such as fresh fruits, vegetables, and dairy products, but such sales are insignificant. Department stores with fixed point-of-sale locations may have separate customer checkout areas in each department, central customer checkout areas, or both."
452311,Warehouse Clubs and Supercenters,DIRECT+,pt.,455211,Warehouse Clubs and Supercenters,"This U.S. industry comprises establishments generally known as warehouse clubs, superstores, or supercenters, primarily engaged in retailing a general line of groceries, including a significant amount and variety of fresh fruits, vegetables, dairy products, meats, and other perishable groceries, in combination with a general line of new merchandise, such as apparel, furniture, and appliances."
454110,Electronic Shopping and Mail-Order Houses,SPLIT,pt.,455211,Warehouse Clubs and Supercenters,"This U.S. industry comprises establishments generally known as warehouse clubs, superstores, or supercenters, primarily engaged in retailing a general line of groceries, including a significant amount and variety of fresh fruits, vegetables, dairy products, meats, and other perishable groceries, in combination with a general line of new merchandise, such as apparel, furniture, and appliances."
452319,All Other General Merchandise Stores,DIRECT+,pt.,455219,All Other General Merchandise Retailers,"This U.S. industry comprises establishments primarily engaged in retailing new and used general merchandise (except department stores, warehouse clubs, superstores, and supercenters). These establishments retail a general line of new and used merchandise, such as apparel, automotive parts, dry goods, groceries, hardware, housewares or home furnishings, and other lines in limited amounts, with none of the lines predominating. This industry also includes establishments primarily engaged in retailing a general line of new and used merchandise on an auction basis."
453998,All Other Miscellaneous Store Retailers (except Tobacco Stores),SPLIT,pt.,455219,All Other General Merchandise Retailers,"This U.S. industry comprises establishments primarily engaged in retailing new and used general merchandise (except department stores, warehouse clubs, superstores, and supercenters). These establishments retail a general line of new and used merchandise, such as apparel, automotive parts, dry goods, groceries, hardware, housewares or home furnishings, and other lines in limited amounts, with none of the lines predominating. This industry also includes establishments primarily engaged in retailing a general line of new and used merchandise on an auction basis."
454110,Electronic Shopping and Mail-Order Houses,SPLIT,pt.,455219,All Other General Merchandise Retailers,"This U.S. industry comprises establishments primarily engaged in retailing new and used general merchandise (except department stores, warehouse clubs, superstores, and supercenters). These establishments retail a general line of new and used merchandise, such as apparel, automotive parts, dry goods, groceries, hardware, housewares or home furnishings, and other lines in limited amounts, with none of the lines predominating. This industry also includes establishments primarily engaged in retailing a general line of new and used merchandise on an auction basis."
454390,Other Direct Selling Establishments,SPLIT,pt.,455219,All Other General Merchandise Retailers,"This U.S. industry comprises establishments primarily engaged in retailing new and used general merchandise (except department stores, warehouse clubs, superstores, and supercenters). These establishments retail a general line of new and used merchandise, such as apparel, automotive parts, dry goods, groceries, hardware, housewares or home furnishings, and other lines in limited amounts, with none of the lines predominating. This industry also includes establishments primarily engaged in retailing a general line of new and used merchandise on an auction basis."
446110,Pharmacies and Drug Stores,DIRECT+,pt.,456110,Pharmacies and Drug Retailers,This industry comprises establishments generally known as pharmacies and drug retailers engaged in retailing prescription or nonprescription drugs and medicines.
454110,Electronic Shopping and Mail-Order Houses,SPLIT,pt.,456110,Pharmacies and Drug Retailers,This industry comprises establishments generally known as pharmacies and drug retailers engaged in retailing prescription or nonprescription drugs and medicines.
454390,Other Direct Selling Establishments,SPLIT,pt.,456110,Pharmacies and Drug Retailers,This industry comprises establishments generally known as pharmacies and drug retailers engaged in retailing prescription or nonprescription drugs and medicines.
446120,"Cosmetics, Beauty Supplies, and Perfume Stores",DIRECT+,pt.,456120,"Cosmetics, Beauty Supplies, and Perfume Retailers","This industry comprises establishments primarily engaged in retailing cosmetics, perfumes, toiletries, and personal grooming products."
454110,Electronic Shopping and Mail-Order Houses,SPLIT,pt.,456120,"Cosmetics, Beauty Supplies, and Perfume Retailers","This industry comprises establishments primarily engaged in retailing cosmetics, perfumes, toiletries, and personal grooming products."
454390,Other Direct Selling Establishments,SPLIT,pt.,456120,"Cosmetics, Beauty Supplies, and Perfume Retailers","This industry comprises establishments primarily engaged in retailing cosmetics, perfumes, toiletries, and personal grooming products."
446130,Optical Goods Stores,DIRECT+,pt.,456130,Optical Goods Retailers,This industry comprises establishments primarily engaged in one or more of the following: (1) retailing and fitting prescription eyeglasses and contact lenses; (2) retailing prescription eyeglasses in combination with the grinding of lenses to order on the premises; and (3) retailing nonprescription eyeglasses.
454110,Electronic Shopping and Mail-Order Houses,SPLIT,pt.,456130,Optical Goods Retailers,This industry comprises establishments primarily engaged in one or more of the following: (1) retailing and fitting prescription eyeglasses and contact lenses; (2) retailing prescription eyeglasses in combination with the grinding of lenses to order on the premises; and (3) retailing nonprescription eyeglasses.
454390,Other Direct Selling Establishments,SPLIT,pt.,456130,Optical Goods Retailers,This industry comprises establishments primarily engaged in one or more of the following: (1) retailing and fitting prescription eyeglasses and contact lenses; (2) retailing prescription eyeglasses in combination with the grinding of lenses to order on the premises; and (3) retailing nonprescription eyeglasses.
446191,Food (Health) Supplement Stores,DIRECT+,pt.,456191,Food (Health) Supplement Retailers,"This U.S. industry comprises establishments primarily engaged in retailing food supplement products, such as vitamins, nutrition supplements, and body enhancing supplements."
454110,Electronic Shopping and Mail-Order Houses,SPLIT,pt.,456191,Food (Health) Supplement Retailers,"This U.S. industry comprises establishments primarily engaged in retailing food supplement products, such as vitamins, nutrition supplements, and body enhancing supplements."
454390,Other Direct Selling Establishments,SPLIT,pt.,456191,Food (Health) Supplement Retailers,"This U.S. industry comprises establishments primarily engaged in retailing food supplement products, such as vitamins, nutrition supplements, and body enhancing supplements."
446199,All Other Health and Personal Care Stores,DIRECT+,pt.,456199,All Other Health and Personal Care Retailers,"This U.S. industry comprises establishments primarily engaged in retailing specialized lines of health and personal care merchandise (except drugs, medicines, cosmetics, beauty supplies, perfumes, optical goods, and food supplement products)."
454110,Electronic Shopping and Mail-Order Houses,SPLIT,pt.,456199,All Other Health and Personal Care Retailers,"This U.S. industry comprises establishments primarily engaged in retailing specialized lines of health and personal care merchandise (except drugs, medicines, cosmetics, beauty supplies, perfumes, optical goods, and food supplement products)."
454390,Other Direct Selling Establishments,SPLIT,pt.,456199,All Other Health and Personal Care Retailers,"This U.S. industry comprises establishments primarily engaged in retailing specialized lines of health and personal care merchandise (except drugs, medicines, cosmetics, beauty supplies, perfumes, optical goods, and food supplement products)."
447110,Gasoline Stations with Convenience Stores,DIRECT,,457110,Gasoline Stations with Convenience Stores,"This industry comprises establishments primarily engaged in retailing automotive fuels (e.g., gasoline, diesel fuel, gasohol, alternative fuels) in combination with a limited line of groceries. These establishments can either be in a convenience store (i.e., food mart) setting or a gasoline station setting. These establishments may also provide automotive repair services."
447190,Other Gasoline Stations,DIRECT,,457120,Other Gasoline Stations,"This industry comprises establishments generally known as gasoline stations (except those with convenience stores) or truck stops primarily engaged in (1) retailing automotive fuels (e.g., gasoline, diesel fuel, gasohol, alternative fuels) or (2) retailing these fuels in combination with activities, such as providing repair services; selling automotive oils, replacement parts, and accessories; and/or providing food services."
454310,Fuel Dealers,DIRECT,,457210,Fuel Dealers,"This industry comprises establishments primarily engaged in retailing heating oil, liquefied petroleum (LP) gas, and other fuels via direct selling (i.e., home delivery)."
454110,Electronic Shopping and Mail-Order Houses,SPLIT,pt.,458110,Clothing and Clothing Accessories Retailers,"This industry comprises establishments primarily engaged in retailing general or specialized lines of new clothing and clothing accessories, such as hats and caps, costume jewelry, gloves, handbags, ties, wigs, toupees, and belts. These establishments may provide basic alterations, such as hemming, taking in or letting out seams, or lengthening or shortening sleeves."
454390,Other Direct Selling Establishments,SPLIT,pt.,458110,Clothing and Clothing Accessories Retailers,"This industry comprises establishments primarily engaged in retailing general or specialized lines of new clothing and clothing accessories, such as hats and caps, costume jewelry, gloves, handbags, ties, wigs, toupees, and belts. These establishments may provide basic alterations, such as hemming, taking in or letting out seams, or lengthening or shortening sleeves."
448110,Men's Clothing Stores,CONSOLIDATED,N,458110,Clothing and Clothing Accessories Retailers,"This industry comprises establishments primarily engaged in retailing general or specialized lines of new clothing and clothing accessories, such as hats and caps, costume jewelry, gloves, handbags, ties, wigs, toupees, and belts. These establishments may provide basic alterations, such as hemming, taking in or letting out seams, or lengthening or shortening sleeves."
448120,Women's Clothing Stores,CONSOLIDATED,N,458110,Clothing and Clothing Accessories Retailers,"This industry comprises establishments primarily engaged in retailing general or specialized lines of new clothing and clothing accessories, such as hats and caps, costume jewelry, gloves, handbags, ties, wigs, toupees, and belts. These establishments may provide basic alterations, such as hemming, taking in or letting out seams, or lengthening or shortening sleeves."
448130,Children's and Infants' Clothing Stores,CONSOLIDATED,N,458110,Clothing and Clothing Accessories Retailers,"This industry comprises establishments primarily engaged in retailing general or specialized lines of new clothing and clothing accessories, such as hats and caps, costume jewelry, gloves, handbags, ties, wigs, toupees, and belts. These establishments may provide basic alterations, such as hemming, taking in or letting out seams, or lengthening or shortening sleeves."
448140,Family Clothing Stores,CONSOLIDATED,N,458110,Clothing and Clothing Accessories Retailers,"This industry comprises establishments primarily engaged in retailing general or specialized lines of new clothing and clothing accessories, such as hats and caps, costume jewelry, gloves, handbags, ties, wigs, toupees, and belts. These establishments may provide basic alterations, such as hemming, taking in or letting out seams, or lengthening or shortening sleeves."
448150,Clothing Accessories Stores,CONSOLIDATED,N,458110,Clothing and Clothing Accessories Retailers,"This industry comprises establishments primarily engaged in retailing general or specialized lines of new clothing and clothing accessories, such as hats and caps, costume jewelry, gloves, handbags, ties, wigs, toupees, and belts. These establishments may provide basic alterations, such as hemming, taking in or letting out seams, or lengthening or shortening sleeves."
448190,Other Clothing Stores,CONSOLIDATED,N,458110,Clothing and Clothing Accessories Retailers,"This industry comprises establishments primarily engaged in retailing general or specialized lines of new clothing and clothing accessories, such as hats and caps, costume jewelry, gloves, handbags, ties, wigs, toupees, and belts. These establishments may provide basic alterations, such as hemming, taking in or letting out seams, or lengthening or shortening sleeves."
448210,Shoe Stores,DIRECT+,pt.,458210,Shoe Retailers,"This industry comprises establishments primarily engaged in retailing all types of new footwear (except hosiery and specialty sports footwear, such as golf shoes, bowling shoes, and spiked shoes). Establishments primarily engaged in retailing new tennis shoes or sneakers are included in this industry."
454110,Electronic Shopping and Mail-Order Houses,SPLIT,pt.,458210,Shoe Retailers,"This industry comprises establishments primarily engaged in retailing all types of new footwear (except hosiery and specialty sports footwear, such as golf shoes, bowling shoes, and spiked shoes). Establishments primarily engaged in retailing new tennis shoes or sneakers are included in this industry."
454390,Other Direct Selling Establishments,SPLIT,pt.,458210,Shoe Retailers,"This industry comprises establishments primarily engaged in retailing all types of new footwear (except hosiery and specialty sports footwear, such as golf shoes, bowling shoes, and spiked shoes). Establishments primarily engaged in retailing new tennis shoes or sneakers are included in this industry."
448310,Jewelry Stores,DIRECT+,pt.,458310,Jewelry Retailers,This industry comprises establishments primarily engaged in retailing one or more of the following items: (1) new jewelry (except costume jewelry); (2) new sterling and plated silverware; and (3) new watches and clocks. Also included are establishments retailing these new products in combination with lapidary work and/or repair services.
454110,Electronic Shopping and Mail-Order Houses,SPLIT,pt.,458310,Jewelry Retailers,This industry comprises establishments primarily engaged in retailing one or more of the following items: (1) new jewelry (except costume jewelry); (2) new sterling and plated silverware; and (3) new watches and clocks. Also included are establishments retailing these new products in combination with lapidary work and/or repair services.
454390,Other Direct Selling Establishments,SPLIT,pt.,458310,Jewelry Retailers,This industry comprises establishments primarily engaged in retailing one or more of the following items: (1) new jewelry (except costume jewelry); (2) new sterling and plated silverware; and (3) new watches and clocks. Also included are establishments retailing these new products in combination with lapidary work and/or repair services.
448320,Luggage and Leather Goods Stores,DIRECT+,pt.,458320,Luggage and Leather Goods Retailers,"This industry comprises establishments primarily engaged in retailing new luggage, briefcases, and trunks, or retailing these new products in combination with a general line of leather items (except leather apparel), such as belts, gloves, and handbags."
454110,Electronic Shopping and Mail-Order Houses,SPLIT,pt.,458320,Luggage and Leather Goods Retailers,"This industry comprises establishments primarily engaged in retailing new luggage, briefcases, and trunks, or retailing these new products in combination with a general line of leather items (except leather apparel), such as belts, gloves, and handbags."
454390,Other Direct Selling Establishments,SPLIT,pt.,458320,Luggage and Leather Goods Retailers,"This industry comprises establishments primarily engaged in retailing new luggage, briefcases, and trunks, or retailing these new products in combination with a general line of leather items (except leather apparel), such as belts, gloves, and handbags."
451110,Sporting Goods Stores,DIRECT+,pt.,459110,Sporting Goods Retailers,"This industry comprises establishments primarily engaged in retailing new sporting goods, such as bicycles and bicycle parts; camping equipment; exercise and fitness equipment; athletic uniforms; specialty sports footwear; and other sporting goods, equipment, and accessories."
454110,Electronic Shopping and Mail-Order Houses,SPLIT,pt.,459110,Sporting Goods Retailers,"This industry comprises establishments primarily engaged in retailing new sporting goods, such as bicycles and bicycle parts; camping equipment; exercise and fitness equipment; athletic uniforms; specialty sports footwear; and other sporting goods, equipment, and accessories."
454390,Other Direct Selling Establishments,SPLIT,pt.,459110,Sporting Goods Retailers,"This industry comprises establishments primarily engaged in retailing new sporting goods, such as bicycles and bicycle parts; camping equipment; exercise and fitness equipment; athletic uniforms; specialty sports footwear; and other sporting goods, equipment, and accessories."
451120,"Hobby, Toy, and Game Stores",DIRECT+,pt.,459120,"Hobby, Toy, and Game Retailers","This industry comprises establishments primarily engaged in retailing new toys, games, and hobby and craft supplies (except needlecraft)."
454110,Electronic Shopping and Mail-Order Houses,SPLIT,pt.,459120,"Hobby, Toy, and Game Retailers","This industry comprises establishments primarily engaged in retailing new toys, games, and hobby and craft supplies (except needlecraft)."
454390,Other Direct Selling Establishments,SPLIT,pt.,459120,"Hobby, Toy, and Game Retailers","This industry comprises establishments primarily engaged in retailing new toys, games, and hobby and craft supplies (except needlecraft)."
451130,"Sewing, Needlework, and Piece Goods Stores",DIRECT+,pt.,459130,"Sewing, Needlework, and Piece Goods Retailers","This industry comprises establishments primarily engaged in retailing new sewing supplies, fabrics, patterns, yarns, and other needlework accessories or retailing these products in combination with new sewing machines."
454110,Electronic Shopping and Mail-Order Houses,SPLIT,pt.,459130,"Sewing, Needlework, and Piece Goods Retailers","This industry comprises establishments primarily engaged in retailing new sewing supplies, fabrics, patterns, yarns, and other needlework accessories or retailing these products in combination with new sewing machines."
454390,Other Direct Selling Establishments,SPLIT,pt.,459130,"Sewing, Needlework, and Piece Goods Retailers","This industry comprises establishments primarily engaged in retailing new sewing supplies, fabrics, patterns, yarns, and other needlework accessories or retailing these products in combination with new sewing machines."
451140,Musical Instrument and Supplies Stores,DIRECT+,pt.,459140,Musical Instrument and Supplies Retailers,"This industry comprises establishments primarily engaged in retailing new musical instruments, sheet music, and related supplies; or retailing these new products in combination with musical instrument repair, rental, or music instruction."
454110,Electronic Shopping and Mail-Order Houses,SPLIT,pt.,459140,Musical Instrument and Supplies Retailers,"This industry comprises establishments primarily engaged in retailing new musical instruments, sheet music, and related supplies; or retailing these new products in combination with musical instrument repair, rental, or music instruction."
454390,Other Direct Selling Establishments,SPLIT,pt.,459140,Musical Instrument and Supplies Retailers,"This industry comprises establishments primarily engaged in retailing new musical instruments, sheet music, and related supplies; or retailing these new products in combination with musical instrument repair, rental, or music instruction."
454110,Electronic Shopping and Mail-Order Houses,SPLIT,pt.,459210,Book Retailers and News Dealers,"This industry comprises establishments primarily engaged in retailing new books, newspapers, magazines, and other periodicals (without publishing)."
454390,Other Direct Selling Establishments,SPLIT,pt.,459210,Book Retailers and News Dealers,"This industry comprises establishments primarily engaged in retailing new books, newspapers, magazines, and other periodicals (without publishing)."
451211,Book Stores,CONSOLIDATED,N,459210,Book Retailers and News Dealers,"This industry comprises establishments primarily engaged in retailing new books, newspapers, magazines, and other periodicals (without publishing)."
451212,News Dealers and Newsstands,CONSOLIDATED,N,459210,Book Retailers and News Dealers,"This industry comprises establishments primarily engaged in retailing new books, newspapers, magazines, and other periodicals (without publishing)."
453110,Florists,DIRECT+,pt.,459310,Florists,"This industry comprises establishments generally known as florists primarily engaged in retailing cut flowers, floral arrangements, and potted plants grown elsewhere. These establishments may prepare the arrangements they sell."
454110,Electronic Shopping and Mail-Order Houses,SPLIT,pt.,459310,Florists,"This industry comprises establishments generally known as florists primarily engaged in retailing cut flowers, floral arrangements, and potted plants grown elsewhere. These establishments may prepare the arrangements they sell."
454390,Other Direct Selling Establishments,SPLIT,pt.,459310,Florists,"This industry comprises establishments generally known as florists primarily engaged in retailing cut flowers, floral arrangements, and potted plants grown elsewhere. These establishments may prepare the arrangements they sell."
453210,Office Supplies and Stationery Stores,DIRECT+,pt.,459410,Office Supplies and Stationery Retailers,"This industry comprises establishments primarily engaged in one or more of the following: (1) retailing new office supplies, stationery, and school supplies; (2) retailing a combination of new office equipment, furniture, and supplies; and (3) retailing new office equipment, furniture, and supplies in combination with selling new computers."
454110,Electronic Shopping and Mail-Order Houses,SPLIT,pt.,459410,Office Supplies and Stationery Retailers,"This industry comprises establishments primarily engaged in one or more of the following: (1) retailing new office supplies, stationery, and school supplies; (2) retailing a combination of new office equipment, furniture, and supplies; and (3) retailing new office equipment, furniture, and supplies in combination with selling new computers."
454390,Other Direct Selling Establishments,SPLIT,pt.,459410,Office Supplies and Stationery Retailers,"This industry comprises establishments primarily engaged in one or more of the following: (1) retailing new office supplies, stationery, and school supplies; (2) retailing a combination of new office equipment, furniture, and supplies; and (3) retailing new office equipment, furniture, and supplies in combination with selling new computers."
453220,"Gift, Novelty, and Souvenir Stores",DIRECT+,pt.,459420,"Gift, Novelty, and Souvenir Retailers","This industry comprises establishments primarily engaged in retailing new gifts, novelty merchandise, souvenirs, greeting cards, seasonal and holiday decorations, and curios."
454110,Electronic Shopping and Mail-Order Houses,SPLIT,pt.,459420,"Gift, Novelty, and Souvenir Retailers","This industry comprises establishments primarily engaged in retailing new gifts, novelty merchandise, souvenirs, greeting cards, seasonal and holiday decorations, and curios."
454390,Other Direct Selling Establishments,SPLIT,pt.,459420,"Gift, Novelty, and Souvenir Retailers","This industry comprises establishments primarily engaged in retailing new gifts, novelty merchandise, souvenirs, greeting cards, seasonal and holiday decorations, and curios."
453310,Used Merchandise Stores,DIRECT+,pt.,459510,Used Merchandise Retailers,"This industry comprises establishments primarily engaged in retailing used merchandise, antiques, and secondhand goods (except motor vehicles, such as automobiles, RVs, motorcycles, and boats; motor vehicle parts; tires; and mobile homes). This industry includes establishments retailing used merchandise on an auction basis."
454110,Electronic Shopping and Mail-Order Houses,SPLIT,pt.,459510,Used Merchandise Retailers,"This industry comprises establishments primarily engaged in retailing used merchandise, antiques, and secondhand goods (except motor vehicles, such as automobiles, RVs, motorcycles, and boats; motor vehicle parts; tires; and mobile homes). This industry includes establishments retailing used merchandise on an auction basis."
454390,Other Direct Selling Establishments,SPLIT,pt.,459510,Used Merchandise Retailers,"This industry comprises establishments primarily engaged in retailing used merchandise, antiques, and secondhand goods (except motor vehicles, such as automobiles, RVs, motorcycles, and boats; motor vehicle parts; tires; and mobile homes). This industry includes establishments retailing used merchandise on an auction basis."
453910,Pet and Pet Supplies Stores,DIRECT+,pt.,459910,Pet and Pet Supplies Retailers,"This industry comprises establishments primarily engaged in retailing pets, pet foods, and pet supplies."
454110,Electronic Shopping and Mail-Order Houses,SPLIT,pt.,459910,Pet and Pet Supplies Retailers,"This industry comprises establishments primarily engaged in retailing pets, pet foods, and pet supplies."
454390,Other Direct Selling Establishments,SPLIT,pt.,459910,Pet and Pet Supplies Retailers,"This industry comprises establishments primarily engaged in retailing pets, pet foods, and pet supplies."
453920,Art Dealers,DIRECT+,pt.,459920,Art Dealers,This industry comprises establishments primarily engaged in retailing original and limited edition art works created by others. Included in this industry are establishments primarily engaged in displaying works of art for retail sale in art galleries.
454110,Electronic Shopping and Mail-Order Houses,SPLIT,pt.,459920,Art Dealers,This industry comprises establishments primarily engaged in retailing original and limited edition art works created by others. Included in this industry are establishments primarily engaged in displaying works of art for retail sale in art galleries.
454390,Other Direct Selling Establishments,SPLIT,pt.,459920,Art Dealers,This industry comprises establishments primarily engaged in retailing original and limited edition art works created by others. Included in this industry are establishments primarily engaged in displaying works of art for retail sale in art galleries.
453930,Manufactured (Mobile) Home Dealers,DIRECT,,459930,Manufactured (Mobile) Home Dealers,"This industry comprises establishments primarily engaged in retailing new and/or used manufactured homes (i.e., mobile homes), parts, and equipment."
453991,Tobacco Stores,DIRECT+,pt.,459991,"Tobacco, Electronic Cigarette, and Other Smoking Supplies Retailers","This U.S. industry comprises establishments primarily engaged in retailing cigarettes, electronic cigarettes, cigars, tobacco, pipes, and other smokers' supplies."
453998,All Other Miscellaneous Store Retailers (except Tobacco Stores),SPLIT,pt.,459991,"Tobacco, Electronic Cigarette, and Other Smoking Supplies Retailers","This U.S. industry comprises establishments primarily engaged in retailing cigarettes, electronic cigarettes, cigars, tobacco, pipes, and other smokers' supplies."
454110,Electronic Shopping and Mail-Order Houses,SPLIT,pt.,459991,"Tobacco, Electronic Cigarette, and Other Smoking Supplies Retailers","This U.S. industry comprises establishments primarily engaged in retailing cigarettes, electronic cigarettes, cigars, tobacco, pipes, and other smokers' supplies."
454390,Other Direct Selling Establishments,SPLIT,pt.,459991,"Tobacco, Electronic Cigarette, and Other Smoking Supplies Retailers","This U.S. industry comprises establishments primarily engaged in retailing cigarettes, electronic cigarettes, cigars, tobacco, pipes, and other smokers' supplies."
453998,All Other Miscellaneous Store Retailers (except Tobacco Stores),SPLIT,pt.,459999,All Other Miscellaneous Retailers,"This U.S. industry comprises establishments primarily engaged in retailing miscellaneous specialized lines of merchandise (except motor vehicle and parts dealers; building material and garden equipment and supplies dealers; food and beverage retailers; furniture, home furnishings, electronics, and appliance retailers; general merchandise retailers; health and personal care retailers; gasoline stations and fuel dealers; clothing, clothing accessories, shoe, and jewelry retailers; sporting goods, hobby, and musical instrument retailers; book retailers and news dealers; florists; office supplies, stationery, and gift retailers; used merchandise retailers; pet and pet supplies retailers; art dealers; manufactured (mobile) home dealers; and tobacco, electronic cigarette, and other smoking supplies retailers)."
454110,Electronic Shopping and Mail-Order Houses,SPLIT,pt.,459999,All Other Miscellaneous Retailers,"This U.S. industry comprises establishments primarily engaged in retailing miscellaneous specialized lines of merchandise (except motor vehicle and parts dealers; building material and garden equipment and supplies dealers; food and beverage retailers; furniture, home furnishings, electronics, and appliance retailers; general merchandise retailers; health and personal care retailers; gasoline stations and fuel dealers; clothing, clothing accessories, shoe, and jewelry retailers; sporting goods, hobby, and musical instrument retailers; book retailers and news dealers; florists; office supplies, stationery, and gift retailers; used merchandise retailers; pet and pet supplies retailers; art dealers; manufactured (mobile) home dealers; and tobacco, electronic cigarette, and other smoking supplies retailers)."
454390,Other Direct Selling Establishments,SPLIT,pt.,459999,All Other Miscellaneous Retailers,"This U.S. industry comprises establishments primarily engaged in retailing miscellaneous specialized lines of merchandise (except motor vehicle and parts dealers; building material and garden equipment and supplies dealers; food and beverage retailers; furniture, home furnishings, electronics, and appliance retailers; general merchandise retailers; health and personal care retailers; gasoline stations and fuel dealers; clothing, clothing accessories, shoe, and jewelry retailers; sporting goods, hobby, and musical instrument retailers; book retailers and news dealers; florists; office supplies, stationery, and gift retailers; used merchandise retailers; pet and pet supplies retailers; art dealers; manufactured (mobile) home dealers; and tobacco, electronic cigarette, and other smoking supplies retailers)."
511110,Newspaper Publishers,DIRECT+,pt.,513110,Newspaper Publishers,"This industry comprises establishments known as newspaper publishers. Establishments in this industry carry out operations necessary for producing and distributing newspapers, including gathering news; writing news columns, feature stories, and editorials; and selling and preparing advertisements. These establishments may publish newspapers in print or electronic form, including exclusively on the Internet."
519130,"Internet Publishing and Broadcasting and Web Search Portals
",SPLIT,pt.,513110,Newspaper Publishers,"This industry comprises establishments known as newspaper publishers. Establishments in this industry carry out operations necessary for producing and distributing newspapers, including gathering news; writing news columns, feature stories, and editorials; and selling and preparing advertisements. These establishments may publish newspapers in print or electronic form, including exclusively on the Internet."
511120,Periodical Publishers,DIRECT+,pt.,513120,Periodical Publishers,"This industry comprises establishments known either as magazine publishers or periodical publishers. These establishments carry out the operations necessary for producing and distributing magazines and other periodicals, such as gathering, writing, and editing articles, and selling and preparing advertisements. These establishments may publish magazines and other periodicals in print or electronic form, including exclusively on the Internet."
519130,"Internet Publishing and Broadcasting and Web Search Portals
",SPLIT,pt.,513120,Periodical Publishers,"This industry comprises establishments known either as magazine publishers or periodical publishers. These establishments carry out the operations necessary for producing and distributing magazines and other periodicals, such as gathering, writing, and editing articles, and selling and preparing advertisements. These establishments may publish magazines and other periodicals in print or electronic form, including exclusively on the Internet."
511130,Book Publishers,DIRECT+,pt.,513130,Book Publishers,"This industry comprises establishments known as book publishers. Establishments in this industry carry out design, editing, and marketing activities necessary for producing and distributing books. These establishments may publish books in print, electronic, or audio form, including exclusively on the Internet."
519130,"Internet Publishing and Broadcasting and Web Search Portals
",SPLIT,pt.,513130,Book Publishers,"This industry comprises establishments known as book publishers. Establishments in this industry carry out design, editing, and marketing activities necessary for producing and distributing books. These establishments may publish books in print, electronic, or audio form, including exclusively on the Internet."
511140,Directory and Mailing List Publishers,DIRECT+,pt.,513140,Directory and Mailing List Publishers,"This industry comprises establishments primarily engaged in publishing directories, mailing lists, and collections or compilations of fact. The products are typically protected in their selection, arrangement and/or presentation. Examples are lists of mailing addresses, telephone directories, directories of businesses, collections or compilations of proprietary drugs or legal case results, compilations of public records, etc. These establishments may publish directories and mailing lists in print or electronic form, including exclusively on the Internet."
519130,"Internet Publishing and Broadcasting and Web Search Portals
",SPLIT,pt.,513140,Directory and Mailing List Publishers,"This industry comprises establishments primarily engaged in publishing directories, mailing lists, and collections or compilations of fact. The products are typically protected in their selection, arrangement and/or presentation. Examples are lists of mailing addresses, telephone directories, directories of businesses, collections or compilations of proprietary drugs or legal case results, compilations of public records, etc. These establishments may publish directories and mailing lists in print or electronic form, including exclusively on the Internet."
511191,Greeting Card Publishers,DIRECT+,pt.,513191,Greeting Card Publishers,"This U.S. industry comprises establishments primarily engaged in publishing greeting cards. These establishments may publish works in print or electronic form, including exclusively on the Internet."
519130,"Internet Publishing and Broadcasting and Web Search Portals
",SPLIT,pt.,513191,Greeting Card Publishers,"This U.S. industry comprises establishments primarily engaged in publishing greeting cards. These establishments may publish works in print or electronic form, including exclusively on the Internet."
511199,All Other Publishers,DIRECT+,pt.,513199,All Other Publishers,"This U.S. industry comprises establishments generally known as publishers (except newspaper, magazine, book, directory, mailing list, music, software, and greeting card publishers). These establishments may publish works in print or electronic form, including exclusively on the Internet."
519130,"Internet Publishing and Broadcasting and Web Search Portals
",SPLIT,pt.,513199,All Other Publishers,"This U.S. industry comprises establishments generally known as publishers (except newspaper, magazine, book, directory, mailing list, music, software, and greeting card publishers). These establishments may publish works in print or electronic form, including exclusively on the Internet."
511210,Software Publishers,DIRECT,,513210,Software Publishers,"This industry comprises establishments primarily engaged in software publishing. Establishments in this industry carry out operations necessary for producing and distributing computer software, such as designing, providing documentation, assisting in installation, and providing support services to software purchasers. These establishments may design, develop, and publish, or publish only. These establishments may publish and distribute software through subscriptions and/or downloads."
515112,Radio Stations,DIRECT,,516110,Radio Broadcasting Stations ,"This industry comprises establishments primarily engaged in broadcasting aural programs by radio to the public. These establishments operate radio broadcasting studios and facilities for the programming and transmission of programs to the public. Programming may originate in their own studio, from an affiliated network, or from external sources."
515120,Television Broadcasting,SPLIT,,516120,"
Television Broadcasting Stations","This industry comprises establishments primarily engaged in broadcasting images together with sound. These establishments operate television broadcasting studios and facilities for the programming and transmission of programs to the public. Programming may originate in their own studio, from an affiliated network, or from external sources."
515120,Television Broadcasting,SPLIT,pt.,516210,"Media Streaming Distribution Services, Social Networks, and Other Media Networks and Content Providers","This industry comprises establishments primarily providing media streaming distribution services, operating social network sites, operating media broadcasting and cable television networks, and supplying information, such as news reports, articles, pictures, and features, to the news media. These establishments distribute textual, audio, and/or video content of general or specific interest."
519130,"Internet Publishing and Broadcasting and Web Search Portals
",SPLIT,pt.,516210,"Media Streaming Distribution Services, Social Networks, and Other Media Networks and Content Providers","This industry comprises establishments primarily providing media streaming distribution services, operating social network sites, operating media broadcasting and cable television networks, and supplying information, such as news reports, articles, pictures, and features, to the news media. These establishments distribute textual, audio, and/or video content of general or specific interest."
515111,Radio Networks,CONSOLIDATED,N,516210,"Media Streaming Distribution Services, Social Networks, and Other Media Networks and Content Providers","This industry comprises establishments primarily providing media streaming distribution services, operating social network sites, operating media broadcasting and cable television networks, and supplying information, such as news reports, articles, pictures, and features, to the news media. These establishments distribute textual, audio, and/or video content of general or specific interest."
515210,Cable and Other Subscription Programming,CONSOLIDATED,N,516210,"Media Streaming Distribution Services, Social Networks, and Other Media Networks and Content Providers","This industry comprises establishments primarily providing media streaming distribution services, operating social network sites, operating media broadcasting and cable television networks, and supplying information, such as news reports, articles, pictures, and features, to the news media. These establishments distribute textual, audio, and/or video content of general or specific interest."
519110,News Syndicates,CONSOLIDATED,N,516210,"Media Streaming Distribution Services, Social Networks, and Other Media Networks and Content Providers","This industry comprises establishments primarily providing media streaming distribution services, operating social network sites, operating media broadcasting and cable television networks, and supplying information, such as news reports, articles, pictures, and features, to the news media. These establishments distribute textual, audio, and/or video content of general or specific interest."
517311,Wired Telecommunications Carriers,DIRECT,,517111,Wired Telecommunications Carriers,"This U.S. industry comprises establishments primarily engaged in operating, maintaining, and/or providing access to transmission facilities and infrastructure that they own and/or lease for the transmission of voice, data, text, sound, and video using wired telecommunications networks. Transmission facilities may be based on a single technology or a combination of technologies. Establishments in this industry use the wired telecommunications network facilities that they operate to provide a variety of services, such as wired telephony services, including VoIP services; wired (cable) audio and video programming distribution; and wired broadband Internet services. By exception, establishments providing satellite television distribution services using facilities and infrastructure that they operate are included in this industry."
517312,"Wireless Telecommunications Carriers (except Satellite)
",DIRECT,,517112,Wireless Telecommunications Carriers (except Satellite),"This U.S. industry comprises establishments primarily engaged in operating and maintaining switching and transmission facilities to provide communications via the airwaves. Establishments in this industry have spectrum licenses and provide services using that spectrum, such as cellular phone services, paging services, wireless Internet access, and wireless video services."
517911,"Telecommunications Resellers
",DIRECT,,517121,Telecommunications Resellers,This U.S. industry comprises establishments engaged in purchasing access and network capacity from owners and operators of telecommunications networks and reselling wired and wireless telecommunications services to businesses and households (except satellite telecommunications and agents for wireless telecommunications services). Establishments in this industry resell telecommunications; they do not operate transmission facilities and infrastructure.
517919,All Other Telecommunications,DIRECT,,517810,All Other Telecommunications,"This industry comprises establishments primarily engaged in providing specialized telecommunications services, such as satellite tracking, communications telemetry, and radar station operation. This industry also includes establishments primarily engaged in providing satellite terminal stations and associated facilities connected with one or more terrestrial systems and capable of transmitting telecommunications to, and receiving telecommunications from, satellite systems. Establishments providing Internet services or Voice over Internet protocol (VoIP) services via client-supplied telecommunications connections are also included in this industry. Establishments in this industry do not operate as telecommunications carriers."
519120,Libraries and Archives,DIRECT,,519210,Libraries and Archives,"This industry comprises establishments primarily engaged in providing library or archive services. These establishments are engaged in maintaining collections of documents (e.g., books, journals, newspapers, and music) and facilitating the use of such documents (recorded information regardless of its physical form and characteristics) as required to meet the informational, research, educational, or recreational needs of their user. These establishments may also acquire, research, store, preserve, and generally make accessible to the public historical documents, photographs, maps, audio material, audiovisual material, and other archival material of historical interest. All or portions of these collections may be accessible electronically."
519190,All Other Information Services,DIRECT+,pt.,519290,Web Search Portals and All Other Information Services,"This industry comprises establishments primarily engaged in operating Web sites that use a search engine to generate and maintain extensive databases of Internet addresses and content in an easily searchable format (and known as Web search portals) or providing other information services not elsewhere classified. Establishments known as Web search portals often provide additional Internet services, such as email, connections to other Web sites, auctions, news, and other limited content."
519130,"Internet Publishing and Broadcasting and Web Search Portals
",SPLIT,pt.,519290,Web Search Portals and All Other Information Services,"This industry comprises establishments primarily engaged in operating Web sites that use a search engine to generate and maintain extensive databases of Internet addresses and content in an easily searchable format (and known as Web search portals) or providing other information services not elsewhere classified. Establishments known as Web search portals often provide additional Internet services, such as email, connections to other Web sites, auctions, news, and other limited content."
522120,Savings Institutions,CONSOLIDATED,N,522180,Savings Institutions and Other Depository Credit Intermediation,"This industry comprises establishments primarily engaged in accepting deposits, making mortgage, real estate, and other consumer and commercial loans, and investing in high-grade securities (except commercial banking and credit unions). Savings and loan associations, savings banks, private banks (i.e., unincorporated banks), and establishments known as industrial banks or Morris Plans and primarily engaged in accepting deposits are included in this industry."
522190,Other Depository Credit Intermediation,CONSOLIDATED,N,522180,Savings Institutions and Other Depository Credit Intermediation,"This industry comprises establishments primarily engaged in accepting deposits, making mortgage, real estate, and other consumer and commercial loans, and investing in high-grade securities (except commercial banking and credit unions). Savings and loan associations, savings banks, private banks (i.e., unincorporated banks), and establishments known as industrial banks or Morris Plans and primarily engaged in accepting deposits are included in this industry."
522293,International Trade Financing,CONSOLIDATED,N,522299,"International, Secondary Market, and All Other Nondepository Credit Intermediation","This U.S. industry comprises (1) establishments primarily engaged in providing working capital funds to U.S. exporters, lending funds to foreign buyers of U.S. goods, and/or lending funds to domestic buyers of imported goods; (2) establishments primarily engaged in buying, pooling, and repackaging loans for sale to others on the secondary market; and (3) establishments primarily providing other nondepository credit (except credit card issuing, sales financing, consumer lending, and real estate credit). Examples of types of lending in this industry are short-term inventory credit, agricultural lending (except real estate and sales financing), and consumer cash lending secured by personal property."
522294,Secondary Market Financing,CONSOLIDATED,N,522299,"International, Secondary Market, and All Other Nondepository Credit Intermediation","This U.S. industry comprises (1) establishments primarily engaged in providing working capital funds to U.S. exporters, lending funds to foreign buyers of U.S. goods, and/or lending funds to domestic buyers of imported goods; (2) establishments primarily engaged in buying, pooling, and repackaging loans for sale to others on the secondary market; and (3) establishments primarily providing other nondepository credit (except credit card issuing, sales financing, consumer lending, and real estate credit). Examples of types of lending in this industry are short-term inventory credit, agricultural lending (except real estate and sales financing), and consumer cash lending secured by personal property."
522298,All Other Nondepository Credit Intermediation,CONSOLIDATED,N,522299,"International, Secondary Market, and All Other Nondepository Credit Intermediation","This U.S. industry comprises (1) establishments primarily engaged in providing working capital funds to U.S. exporters, lending funds to foreign buyers of U.S. goods, and/or lending funds to domestic buyers of imported goods; (2) establishments primarily engaged in buying, pooling, and repackaging loans for sale to others on the secondary market; and (3) establishments primarily providing other nondepository credit (except credit card issuing, sales financing, consumer lending, and real estate credit). Examples of types of lending in this industry are short-term inventory credit, agricultural lending (except real estate and sales financing), and consumer cash lending secured by personal property."
523110,Investment Banking and Securities Dealing,CONSOLIDATED,N,523150,Investment Banking and Securities Intermediation,"This industry comprises establishments primarily engaged in underwriting, originating, and/or maintaining markets for issues of securities, or acting as agents (i.e., brokers) between buyers and sellers in buying or selling securities on a commission or transaction fee basis. Investment bankers act as principals (i.e., investors who buy or sell on their own account) in firm commitment transactions or act as agents in best effort and standby commitments. This industry also includes establishments acting as principals in buying or selling securities generally on a spread basis, such as securities dealers or stock option dealers."
523120,Securities Brokerage,CONSOLIDATED,N,523150,Investment Banking and Securities Intermediation,"This industry comprises establishments primarily engaged in underwriting, originating, and/or maintaining markets for issues of securities, or acting as agents (i.e., brokers) between buyers and sellers in buying or selling securities on a commission or transaction fee basis. Investment bankers act as principals (i.e., investors who buy or sell on their own account) in firm commitment transactions or act as agents in best effort and standby commitments. This industry also includes establishments acting as principals in buying or selling securities generally on a spread basis, such as securities dealers or stock option dealers."
523130,Commodity Contracts Dealing,CONSOLIDATED,N,523160,Commodity Contracts Intermediation,"This industry comprises establishments primarily engaged in acting as principals (i.e., investors who buy or sell for their own account) in buying or selling spot or futures commodity contracts or options, such as precious metals, foreign currency, oil, or agricultural products, generally on a spread basis, or acting as agents (i.e., brokers) in buying or selling spot or futures commodity contracts or options on a commission or transaction fee basis."
523140,Commodity Contracts Brokerage,CONSOLIDATED,N,523160,Commodity Contracts Intermediation,"This industry comprises establishments primarily engaged in acting as principals (i.e., investors who buy or sell for their own account) in buying or selling spot or futures commodity contracts or options, such as precious metals, foreign currency, oil, or agricultural products, generally on a spread basis, or acting as agents (i.e., brokers) in buying or selling spot or futures commodity contracts or options on a commission or transaction fee basis."
523920,Portfolio Management,CONSOLIDATED,N,523940,Portfolio Management and Investment Advice,"This industry comprises establishments primarily engaged in managing the portfolio assets (i.e., funds) of others on a fee or commission basis and/or providing customized investment advice to clients on a fee basis. Establishments providing portfolio management have the authority to make investment decisions, and they derive fees based on the size and/or overall performance of the portfolio. Establishments providing investment advice provide financial planning advice and investment counseling to meet the goals and needs of specific clients, but do not have the authority to execute trades."
523930,Investment Advice,CONSOLIDATED,N,523940,Portfolio Management and Investment Advice,"This industry comprises establishments primarily engaged in managing the portfolio assets (i.e., funds) of others on a fee or commission basis and/or providing customized investment advice to clients on a fee basis. Establishments providing portfolio management have the authority to make investment decisions, and they derive fees based on the size and/or overall performance of the portfolio. Establishments providing investment advice provide financial planning advice and investment counseling to meet the goals and needs of specific clients, but do not have the authority to execute trades."
811112,Automotive Exhaust System Repair,CONSOLIDATED,N,811114,Specialized Automotive Repair,"This U.S. industry comprises establishments primarily engaged in providing specialized mechanical or electrical repair and maintenance services (except engine repair and replacement) for automotive vehicles, such as passenger cars, trucks, and vans, and all trailers."
811113,Automotive Transmission Repair,CONSOLIDATED,N,811114,Specialized Automotive Repair,"This U.S. industry comprises establishments primarily engaged in providing specialized mechanical or electrical repair and maintenance services (except engine repair and replacement) for automotive vehicles, such as passenger cars, trucks, and vans, and all trailers."
811118,Other Automotive Mechanical and Electrical Repair and Maintenance,CONSOLIDATED,N,811114,Specialized Automotive Repair,"This U.S. industry comprises establishments primarily engaged in providing specialized mechanical or electrical repair and maintenance services (except engine repair and replacement) for automotive vehicles, such as passenger cars, trucks, and vans, and all trailers."
811211,Consumer Electronics Repair and Maintenance,CONSOLIDATED,N,811210,Electronic and Precision Equipment Repair and Maintenance,"This industry comprises establishments primarily engaged in repairing and maintaining one or more of the following: (1) consumer electronic equipment; (2) computers; (3) office machines; (4) communication equipment; and (5) other electronic and precision equipment and instruments, without retailing these products as new. Establishments in this industry repair items, such as microscopes, radar and sonar equipment, televisions, stereos, video recorders, computers, fax machines, photocopying machines, two-way radios and other communications equipment, scientific instruments, and medical equipment."
811212,Computer and Office Machine Repair and Maintenance,CONSOLIDATED,N,811210,Electronic and Precision Equipment Repair and Maintenance,"This industry comprises establishments primarily engaged in repairing and maintaining one or more of the following: (1) consumer electronic equipment; (2) computers; (3) office machines; (4) communication equipment; and (5) other electronic and precision equipment and instruments, without retailing these products as new. Establishments in this industry repair items, such as microscopes, radar and sonar equipment, televisions, stereos, video recorders, computers, fax machines, photocopying machines, two-way radios and other communications equipment, scientific instruments, and medical equipment."
811213,Communication Equipment Repair and Maintenance,CONSOLIDATED,N,811210,Electronic and Precision Equipment Repair and Maintenance,"This industry comprises establishments primarily engaged in repairing and maintaining one or more of the following: (1) consumer electronic equipment; (2) computers; (3) office machines; (4) communication equipment; and (5) other electronic and precision equipment and instruments, without retailing these products as new. Establishments in this industry repair items, such as microscopes, radar and sonar equipment, televisions, stereos, video recorders, computers, fax machines, photocopying machines, two-way radios and other communications equipment, scientific instruments, and medical equipment."
811219,Other Electronic and Precision Equipment Repair and Maintenance,CONSOLIDATED,N,811210,Electronic and Precision Equipment Repair and Maintenance,"This industry comprises establishments primarily engaged in repairing and maintaining one or more of the following: (1) consumer electronic equipment; (2) computers; (3) office machines; (4) communication equipment; and (5) other electronic and precision equipment and instruments, without retailing these products as new. Establishments in this industry repair items, such as microscopes, radar and sonar equipment, televisions, stereos, video recorders, computers, fax machines, photocopying machines, two-way radios and other communications equipment, scientific instruments, and medical equipment."
212111,Bituminous coal and lignite surface mining,REMOVE,,,,
212112,Bituminous coal underground mining,REMOVE,,,,
212113,Anthracite mining,REMOVE,,,,
212221,Gold ore mining,REMOVE,,,,
212222,Silver ore mining,REMOVE,,,,
212291,Uranium-radium-vanadium ore mining,REMOVE,,,,
212299,All other metal ore mining,REMOVE,,,,
212324,Kaolin and ball clay mining,REMOVE,,,,
212325,"Clay, ceramic, and refractory minerals mining",REMOVE,,,,
212391,"Potash, soda, and borate mineral mining",REMOVE,,,,
212392,Phosphate rock mining,REMOVE,,,,
212393,Other chemical and fertilizer mineral mining,REMOVE,,,,
212399,All other nonmetallic mineral mining,REMOVE,,,,
31511,Hosiery and sock mills ,REMOVE,,,,
315110,Hosiery and sock mills,REMOVE,,,,
31519,Other apparel knitting mills,REMOVE,,,,
315190,Other apparel knitting mills,REMOVE,,,,
31522,Men's and boys' cut and sew apparel mfg,REMOVE,,,,
315220,Men's and boys' cut and sew apparel mfg,REMOVE,,,,
31524,"Women's, girls', infants' cut-sew apparel mfg",REMOVE,,,,
315240,"Women's, girls', infants' cut-sew apparel mfg",REMOVE,,,,
31528,Other cut and sew apparel manufacturing,REMOVE,,,,
315280,Other cut and sew apparel manufacturing,REMOVE,,,,
316992,Women's handbag and purse manufacturing ,REMOVE,,,,
316998,All other leather and allied good mfg.,REMOVE,,,,
321213,Engineered wood member manufacturing,REMOVE,,,,
321214,Truss manufacturing,REMOVE,,,,
322121,"Paper, except newsprint, mills",REMOVE,,,,
322122,Newsprint mills,REMOVE,,,,
333244,Printing machinery and equipment mfg.,REMOVE,,,,
333249,Other industrial machinery manufacturing,REMOVE,,,,
333314,Optical instrument and lens manufacturing,REMOVE,,,,
333316,Photographic and photocopying equipment mfg.,REMOVE,,,,
333318,Other commercial and service machinery mfg.,REMOVE,,,,
333997,Scale and balance manufacturing,REMOVE,,,,
333999,Miscellaneous general purpose machinery mfg.,REMOVE,,,,
334613,Blank magnetic and optical media mfg   ,REMOVE,,,,
334614,Software and prerecorded media reproducing,REMOVE,,,,
33511,Electric lamp bulb and part manufacturing,REMOVE,,,,
335110,Electric lamp bulb and part manufacturing,REMOVE,,,,
33512,Lighting fixture manufacturing,REMOVE,,,,
335121,Residential electric lighting fixture mfg.,REMOVE,,,,
335122,Nonresidential electric lighting fixture mfg.,REMOVE,,,,
335129,Other lighting equipment manufacturing,REMOVE,,,,
335911,Storage battery manufacturing,REMOVE,,,,
335912,Primary battery manufacturing,REMOVE,,,,
336111,Automobile manufacturing,REMOVE,,,,
336112,Light truck and utility vehicle manufacturing,REMOVE,,,,
337124,Metal household furniture manufacturing,REMOVE,,,,
337125,"Household furniture, exc. wood or metal, mfg.",REMOVE,,,,
42432,Men's and boys' clothing merchant wholesalers,REMOVE,,,,
424320,Men's and boys' clothing merchant wholesalers,REMOVE,,,,
42433,Women's and children's clothing merch. whls.,REMOVE,,,,
424330,Women's and children's clothing merch. whls.,REMOVE,,,,
42511,Business to business electronic markets,REMOVE,,,,
425110,Business to business electronic markets,REMOVE,,,,
441228,"Motorcycle, ATV, and other vehicle dealers",REMOVE,,,,
44131,Automotive parts and accessories stores,REMOVE,,,,
441310,Automotive parts and accessories stores,REMOVE,,,,
44132,Tire dealers,REMOVE,,,,
441320,Tire dealers,REMOVE,,,,
442,Furniture and home furnishings stores,REMOVE,,,,
4421,Furniture stores,REMOVE,,,,
44211,Furniture stores,REMOVE,,,,
442110,Furniture stores,REMOVE,,,,
4422,Home furnishings stores,REMOVE,,,,
44221,Floor covering stores,REMOVE,,,,
442210,Floor covering stores,REMOVE,,,,
44229,Other home furnishings stores,REMOVE,,,,
442291,Window treatment stores,REMOVE,,,,
442299,All other home furnishings stores,REMOVE,,,,
443,Electronics and appliance stores,REMOVE,,,,
4431,Electronics and appliance stores,REMOVE,,,,
44314,Electronics and appliance stores,REMOVE,,,,
443141,Household appliance stores,REMOVE,,,,
443142,Electronics stores,REMOVE,,,,
44413,Hardware stores,REMOVE,,,,
444130,Hardware stores,REMOVE,,,,
44419,Other building material dealers,REMOVE,,,,
444190,Other building material dealers,REMOVE,,,,
44421,Outdoor power equipment stores,REMOVE,,,,
444210,Outdoor power equipment stores,REMOVE,,,,
44422,"Nursery, garden, and farm supply stores",REMOVE,,,,
444220,"Nursery, garden, and farm supply stores",REMOVE,,,,
44512,Convenience stores,REMOVE,,,,
445120,Convenience stores,REMOVE,,,,
44521,Meat markets,REMOVE,,,,
445210,Meat markets,REMOVE,,,,
44522,Fish and seafood markets,REMOVE,,,,
445220,Fish and seafood markets,REMOVE,,,,
445299,All other specialty food stores,REMOVE,,,,
44531,"Beer, wine, and liquor stores",REMOVE,,,,
445310,"Beer, wine, and liquor stores",REMOVE,,,,
446,Health and personal care stores,REMOVE,,,,
4461,Health and personal care stores,REMOVE,,,,
44611,Pharmacies and drug stores,REMOVE,,,,
446110,Pharmacies and drug stores,REMOVE,,,,
44612,Cosmetic and beauty supply stores,REMOVE,,,,
446120,Cosmetic and beauty supply stores,REMOVE,,,,
44613,Optical goods stores,REMOVE,,,,
446130,Optical goods stores,REMOVE,,,,
44619,Other health and personal care stores,REMOVE,,,,
446191,"Food, health, supplement stores",REMOVE,,,,
446199,All other health and personal care stores,REMOVE,,,,
447,Gasoline stations,REMOVE,,,,
4471,Gasoline stations,REMOVE,,,,
44711,Gasoline stations with convenience stores,REMOVE,,,,
447110,Gasoline stations with convenience stores,REMOVE,,,,
44719,Other gasoline stations,REMOVE,,,,
447190,Other gasoline stations,REMOVE,,,,
448,Clothing and clothing accessories stores,REMOVE,,,,
4481,Clothing stores,REMOVE,,,,
44811,Men's clothing stores,REMOVE,,,,
448110,Men's clothing stores,REMOVE,,,,
44812,Women's clothing stores,REMOVE,,,,
448120,Women's clothing stores,REMOVE,,,,
44813,Children's and infants' clothing stores,REMOVE,,,,
448130,Children's and infants' clothing stores,REMOVE,,,,
44814,Family clothing stores,REMOVE,,,,
448140,Family clothing stores,REMOVE,,,,
44815,Clothing accessories stores,REMOVE,,,,
448150,Clothing accessories stores,REMOVE,,,,
44819,Other clothing stores,REMOVE,,,,
448190,Other clothing stores,REMOVE,,,,
4482,Shoe stores,REMOVE,,,,
44821,Shoe stores,REMOVE,,,,
448210,Shoe stores,REMOVE,,,,
4483,"Jewelry, luggage, and leather goods stores",REMOVE,,,,
44831,Jewelry stores,REMOVE,,,,
448310,Jewelry stores,REMOVE,,,,
44832,Luggage and leather goods stores,REMOVE,,,,
448320,Luggage and leather goods stores,REMOVE,,,,
451,"Sports, hobby, music instrument, book stores",REMOVE,,,,
4511,Sporting goods and musical instrument stores,REMOVE,,,,
45111,Sporting goods stores,REMOVE,,,,
451110,Sporting goods stores,REMOVE,,,,
45112,"Hobby, toy, and game stores",REMOVE,,,,
451120,"Hobby, toy, and game stores",REMOVE,,,,
45113,"Sewing, needlework, and piece goods stores",REMOVE,,,,
451130,"Sewing, needlework, and piece goods stores",REMOVE,,,,
45114,Musical instrument and supplies stores,REMOVE,,,,
451140,Musical instrument and supplies stores,REMOVE,,,,
4512,Book stores and news dealers ,REMOVE,,,,
45121,Book stores and news dealers,REMOVE,,,,
451211,Book stores,REMOVE,,,,
451212,News dealers and newsstands,REMOVE,,,,
452,General merchandise stores,REMOVE,,,,
4522,Department Stores ,REMOVE,,,,
45221,Department Stores ,REMOVE,,,,
452210,Department Stores ,REMOVE,,,,
4523,"General Merchandise Stores, including Warehouse Clubs and Supercenters ",REMOVE,,,,
45231,"General Merchandise Stores, including Warehouse Clubs and Supercenters ",REMOVE,,,,
452311,Warehouse Clubs and Supercenters ,REMOVE,,,,
452319,All Other General Merchandise Stores ,REMOVE,,,,
453,Miscellaneous store retailers,REMOVE,,,,
4531,Florists,REMOVE,,,,
45311,Florists,REMOVE,,,,
453110,Florists,REMOVE,,,,
4532,"Office supplies, stationery, and gift stores",REMOVE,,,,
45321,Office supplies and stationery stores,REMOVE,,,,
453210,Office supplies and stationery stores,REMOVE,,,,
45322,"Gift, novelty, and souvenir stores",REMOVE,,,,
453220,"Gift, novelty, and souvenir stores",REMOVE,,,,
4533,Used merchandise stores,REMOVE,,,,
45331,Used merchandise stores,REMOVE,,,,
453310,Used merchandise stores,REMOVE,,,,
4539,Other miscellaneous store retailers,REMOVE,,,,
45391,Pet and pet supplies stores,REMOVE,,,,
453910,Pet and pet supplies stores,REMOVE,,,,
45392,Art dealers,REMOVE,,,,
453920,Art dealers,REMOVE,,,,
45393,"Manufactured, mobile, home dealers",REMOVE,,,,
453930,"Manufactured, mobile, home dealers",REMOVE,,,,
45399,All other miscellaneous store retailers,REMOVE,,,,
453991,Tobacco stores,REMOVE,,,,
453998,Store retailers not specified elsewhere,REMOVE,,,,
454,Nonstore retailers,REMOVE,,,,
4541,Electronic shopping and mail-order houses,REMOVE,,,,
45411,Electronic Shopping and Mail-Order Houses,REMOVE,,,,
454110,Electronic Shopping and Mail-Order Houses ,REMOVE,,,,
4542,Vending machine operators,REMOVE,,,,
45421,Vending machine operators,REMOVE,,,,
454210,Vending machine operators,REMOVE,,,,
4543,Direct selling establishments,REMOVE,,,,
45431,Fuel dealers,REMOVE,,,,
454310,Fuel dealers,REMOVE,,,,
45439,Other direct selling establishments,REMOVE,,,,
454390,Other direct selling establishments,REMOVE,,,,
511,"Publishing industries, except Internet",REMOVE,,,,
5111,"Newspaper, book, and directory publishers",REMOVE,,,,
51111,Newspaper publishers,REMOVE,,,,
511110,Newspaper publishers,REMOVE,,,,
51112,Periodical publishers,REMOVE,,,,
511120,Periodical publishers,REMOVE,,,,
51113,Book publishers,REMOVE,,,,
511130,Book publishers,REMOVE,,,,
51114,Directory and mailing list publishers,REMOVE,,,,
511140,Directory and mailing list publishers,REMOVE,,,,
51119,Other publishers,REMOVE,,,,
511191,Greeting card publishers,REMOVE,,,,
511199,All other publishers,REMOVE,,,,
5112,Software publishers,REMOVE,,,,
51121,Software publishers,REMOVE,,,,
511210,Software publishers,REMOVE,,,,
51222,Integrated record production and distribution,REMOVE,,,,
515,"Broadcasting, except Internet",REMOVE,,,,
5151,Radio and television broadcasting,REMOVE,,,,
51511,Radio broadcasting,REMOVE,,,,
515111,Radio networks,REMOVE,,,,
515112,Radio stations,REMOVE,,,,
51512,Television broadcasting,REMOVE,,,,
515120,Television broadcasting,REMOVE,,,,
5152,Cable and other subscription programming,REMOVE,,,,
51521,Cable and other subscription programming,REMOVE,,,,
515210,Cable and other subscription programming,REMOVE,,,,
5173,Wired and Wireless Telecommunications Carriers,REMOVE,,,,
51731,Wired and Wireless Telecommunications Carriers,REMOVE,,,,
517311,Wired Telecommunications Carriers ,REMOVE,,,,
517312,Wireless Telecommunications Carriers (except Satellite),REMOVE,,,,
5179,Other telecommunications,REMOVE,,,,
51791,Other telecommunications,REMOVE,,,,
517911,Telecommunications resellers,REMOVE,,,,
517919,All other telecommunications,REMOVE,,,,
5191,Other information services,REMOVE,,,,
51911,News syndicates,REMOVE,,,,
519110,News syndicates,REMOVE,,,,
51912,Libraries and archives,REMOVE,,,,
519120,Libraries and archives,REMOVE,,,,
51913,Internet publishing and web search portals,REMOVE,,,,
519130,Internet publishing and web search portals,REMOVE,,,,
51919,All other information services,REMOVE,,,,
519190,All other information services,REMOVE,,,,
52212,Savings institutions,REMOVE,,,,
522120,Savings institutions,REMOVE,,,,
52219,Other depository credit intermediation,REMOVE,,,,
522190,Other depository credit intermediation,REMOVE,,,,
522293,International trade financing,REMOVE,,,,
522294,Secondary market financing,REMOVE,,,,
522298,All other nondepository credit intermediation,REMOVE,,,,
52311,Investment banking and securities dealing,REMOVE,,,,
523110,Investment banking and securities dealing,REMOVE,,,,
52312,Securities brokerage,REMOVE,,,,
523120,Securities brokerage,REMOVE,,,,
52313,Commodity contracts dealing,REMOVE,,,,
523130,Commodity contracts dealing,REMOVE,,,,
52314,Commodity contracts brokerage,REMOVE,,,,
523140,Commodity contracts brokerage,REMOVE,,,,
52392,Portfolio management,REMOVE,,,,
523920,Portfolio management,REMOVE,,,,
52393,Investment advice,REMOVE,,,,
523930,Investment advice,REMOVE,,,,
811112,Automotive exhaust system repair,REMOVE,,,,
811113,Automotive transmission repair,REMOVE,,,,
811118,Other automotive mechanical and elec. repair,REMOVE,,,,
811211,Consumer electronics repair and maintenance,REMOVE,,,,
811212,Computer and office machine repair,REMOVE,,,,
811213,Communication equipment repair,REMOVE,,,,
811219,Other electronic equipment repair,REMOVE,,,,
